{"training loss": 0.11927225979718756, "Validation loss": 0.13255674788292418, "_timestamp": 1700889383.7546468, "_runtime": 1381.6369807720184, "_step": 49, "_wandb": {"runtime": 1376}}