{"accuracy": 0.894, "correct_num": 2682, "_timestamp": 1696386759.4717534, "_runtime": 30265.75913333893, "_step": 19, "_wandb": {"runtime": 30263}}