{"training loss": 0.040982096733406505, "Validation loss": 0.08691009910816842, "_timestamp": 1700827587.0801482, "_runtime": 478.45221519470215, "_step": 19, "_wandb": {"runtime": 474}}