{"training loss": 0.0718447267117494, "Validation loss": 0.1014703151551967, "_timestamp": 1700891044.1602268, "_runtime": 338.2580509185791, "_step": 19, "_wandb": {"runtime": 334}}