{"training loss": 0.004243886601699992, "Validation loss": 0.08610868747247026, "_timestamp": 1700887424.1717558, "_runtime": 1780.4869458675385, "_step": 49, "_wandb": {"runtime": 1776}}