{"training loss": 0.37298983264159646, "Validation loss": 0.34705431156970085, "_timestamp": 1700828295.8325975, "_runtime": 294.9157395362854, "_step": 9, "_wandb": {"runtime": 290}}