{"training loss": 0.25763556210601585, "Validation loss": 0.24542627340935647, "_timestamp": 1700893559.0325541, "_runtime": 561.1809432506561, "_step": 19, "_wandb": {"runtime": 557}}