{"accuracy": 0.8756666666666667, "correct_num": 2627, "_timestamp": 1695038466.0497644, "_runtime": 3369.315674304962, "_step": 19, "_wandb": {"runtime": 3366}}