{"training loss": 0.07092234639926477, "Validation loss": 0.10015723402512834, "_timestamp": 1700890092.336261, "_runtime": 382.78127694129944, "_step": 19, "_wandb": {"runtime": 379}}