{"training loss": 0.09655612592208893, "Validation loss": 0.11139192004153069, "_timestamp": 1700826563.0163596, "_runtime": 220.47238755226135, "_step": 9, "_wandb": {"runtime": 217}}