{"accuracy": 0.781, "correct_num": 2343, "_timestamp": 1696356318.7159853, "_runtime": 1159.7734892368317, "_step": 19, "_wandb": {"runtime": 1156}}