{"training loss": 0.20393523926589083, "Validation loss": 0.20149261726343887, "_timestamp": 1700891435.9961324, "_runtime": 344.31861639022827, "_step": 19, "_wandb": {"runtime": 340}}