{"accuracy": 0.9023333333333333, "correct_num": 2707, "_timestamp": 1696395572.1224885, "_runtime": 8713.83516550064, "_step": 19, "_wandb": {"runtime": 8711}}