{"accuracy": 0.8633333333333333, "correct_num": 2590, "_timestamp": 1696353370.170687, "_runtime": 5414.658308029175, "_step": 19, "_wandb": {"runtime": 5411}}