{"training loss": 0.07191111072105297, "Validation loss": 0.10013989573146434, "_timestamp": 1700894423.2495513, "_runtime": 529.5259573459625, "_step": 19, "_wandb": {"runtime": 519}}